Model,MSE wedge,MSE within reach,MSE beyond reach,MSE / floor beyond,ρ beyond
GCN_L6,0.009128192259908905,0.001987062375928778,0.018148566850199593,1.4217213723484157,0.0
GCN_L6_P4,0.0026440928054735856,0.001462453628900691,0.004136689660091979,0.32415684262485983,0.8053294504999452
GCN_L12,0.0026992721065919106,0.0026992721065919106,,,
GCN_L12_P4,0.0018441630831535973,0.0018441630831535973,,,
SNN_L12,0.002607900922343916,0.002607900922343916,,,
SNN_L12_P4,0.0018938713268249303,0.0018938713268249303,,,
GCN_L18,0.002398586326770435,0.002398586326770435,,,
GCN_L18_P4,0.0018384971417876265,0.0018384971417876265,,,
SNN_L18,0.0019258697724185364,0.0019258697724185364,,,
SNN_L18_P4,0.001470200098989016,0.001470200098989016,,,
