run,model,batch_size_per_gpu,peak_memory_gib,gpu,gpu_memory_gib,measured_on
GCN_L12,GCN,4,3.898,Tesla K80,11.17,2026-10-04
GCN_L18,GCN,4,5.756,Tesla K80,11.17,2026-10-04
GCN_L6,GCN,4,2.04,Tesla K80,11.17,2026-10-04
SNN_L12,SNN,4,4.195,Tesla K80,11.17,2026-10-04
SNN_L18,SNN,4,6.199,Tesla K80,11.17,2026-10-04
UNet2D,UNet2D,4,0.349,Tesla K80,11.17,2026-10-04
UNet2D_N200,UNet2D,4,0.349,Tesla K80,11.17,2026-10-04
UNet2dHLCC,UNet2dHLCC,4,0.349,Tesla K80,11.17,2026-10-04
UNet2dHLCC_N200,UNet2dHLCC,4,0.349,Tesla K80,11.17,2026-10-04
